time,dev1,dev2,connection
10.0,7,13,up
30.0,2,15,up
116.0,9,25,up
176.0,9,25,up
240.0,17,28,up
250.0,7,13,up
311.0,2,15,up
360.0,17,28,up
391.0,2,15,up
420.0,1,23,up
430.0,7,13,up
451.0,2,15,up
596.0,9,25,up
636.0,19,27,up
644.0,8,16,up
686.0,9,25,up
762.0,2,15,up
846.0,7,13,up
870.0,17,28,up
887.0,23,32,up
947.0,23,32,up
951.0,7,20,up
977.0,23,32,up
981.0,13,20,up
1021.0,1,23,up
1021.0,1,32,up
1021.0,17,28,up
1030.0,7,13,up
1042.0,13,20,up
1042.0,7,20,up
1062.0,2,15,up
1068.0,1,32,up
1086.0,7,13,up
1111.0,17,28,up
1134.0,23,32,up
1152.0,2,15,up
1158.0,1,32,up
1171.0,17,28,up
1188.0,23,32,up
1231.0,1,32,up
1254.0,1,23,up
1261.0,1,32,up
1274.0,8,16,up
1278.0,23,32,up
1351.0,17,28,up
1405.0,23,32,up
1501.0,17,28,up
1506.0,7,13,up
1514.0,8,16,up
1601.0,7,13,up
1608.0,23,32,up
1666.0,17,28,up
1681.0,1,32,up
1698.0,23,32,up
1707.0,9,25,up
1741.0,1,32,up
1766.0,1,23,up
1766.0,23,32,up
1771.0,2,15,up
1815.0,8,16,up
1828.0,9,25,up
1856.0,23,32,up
1861.0,1,23,up
1861.0,1,32,up
1876.0,17,28,up
1897.0,19,27,up
1901.0,7,13,up
1957.0,19,27,up
2029.0,23,32,up
2071.0,1,32,up
2081.0,7,13,up
2089.0,23,32,up
2126.0,23,32,up
2149.0,1,32,up
2186.0,23,32,up
2239.0,1,32,up
2256.0,8,16,up
2269.0,1,32,up
2276.0,23,32,up
2282.0,1,23,up
2308.0,9,25,up
2342.0,1,23,up
2359.0,1,32,up
2359.0,23,32,up
2389.0,23,32,up
2396.0,1,23,up
2414.0,2,15,up
2437.0,19,27,up
2456.0,1,23,up
2479.0,1,32,up
2479.0,23,32,up
2509.0,1,32,up
2509.0,23,32,up
2569.0,1,32,up
2612.0,2,15,up
2641.0,1,32,up
2660.0,23,32,up
2689.0,23,32,up
2701.0,1,32,up
2706.0,7,13,up
2726.0,1,23,up
2736.0,7,20,up
2809.0,1,32,up
2809.0,23,32,up
2846.0,23,32,up
2876.0,5,26,up
2901.0,1,32,up
2936.0,23,32,up
2948.0,19,27,up
2959.0,1,32,up
2996.0,1,23,up
2996.0,23,32,up
3026.0,1,23,up
3038.0,19,27,up
3056.0,1,23,up
3121.0,1,32,up
3134.0,2,15,up
3146.0,1,23,up
3146.0,23,32,up
3152.0,1,32,up
3192.0,7,13,up
3207.0,1,23,up
3229.0,1,32,up
3229.0,23,32,up
3232.0,13,20,up
3241.0,1,23,up
3261.0,23,32,up
3282.0,13,20,up
3307.0,7,13,up
3313.0,2,15,up
3317.0,17,28,up
3338.0,8,16,up
3349.0,1,32,up
3422.0,1,23,up
3446.0,23,32,up
3458.0,8,16,up
3512.0,1,23,up
3536.0,23,32,up
3559.0,21,32,up
3566.0,1,23,up
3637.0,17,28,up
3650.0,23,32,up
3692.0,1,23,up
3692.0,1,32,up
3769.0,1,32,up
3769.0,23,32,up
3799.0,1,32,up
3896.0,1,23,up
3949.0,23,32,up
3956.0,1,23,up
3966.0,1,32,up
3968.0,12,28,up
4089.0,19,27,up
4117.0,1,23,up
4149.0,9,25,up
4154.0,2,15,up
4159.0,23,32,up
4176.0,12,17,up
4182.0,7,13,up
4184.0,2,15,up
4208.0,19,27,up
4226.0,23,32,up
4250.0,1,32,up
4269.0,9,25,up
4280.0,1,32,up
4299.0,19,27,up
4299.0,21,23,up
4332.0,7,13,up
4346.0,23,32,up
4416.0,1,23,up
4417.0,7,13,up
4469.0,9,25,up
4477.0,1,32,up
4478.0,8,16,up
4484.0,2,15,up
4496.0,1,23,up
4520.0,23,32,up
4539.0,9,25,up
4626.0,1,32,up
4656.0,1,23,up
4656.0,1,32,up
4676.0,23,32,up
4687.0,13,20,up
4747.0,7,13,up
4767.0,23,32,up
4820.0,23,32,up
4837.0,7,13,up
4839.0,9,25,up
4893.0,2,15,up
4899.0,9,25,up
5049.0,7,13,up
5067.0,1,23,up
5079.0,9,25,up
5097.0,23,32,up
5114.0,2,15,up
5129.0,9,25,up
5248.0,9,25,up
5307.0,23,32,up
5337.0,23,32,up
5348.0,7,13,up
5409.0,19,27,up
5467.0,13,20,up
5470.0,9,25,up
5527.0,1,23,up
5528.0,7,13,up
5691.0,23,32,up
5697.0,1,23,up
5721.0,1,32,up
5745.0,2,15,up
5767.0,1,23,up
5769.0,7,13,up
5770.0,9,25,up
5776.0,2,15,up
5828.0,7,13,up
5841.0,23,32,up
5888.0,7,13,up
5889.0,21,32,up
5901.0,23,32,up
5943.0,2,15,up
5949.0,21,32,up
5980.0,9,25,up
5991.0,21,32,up
6008.0,7,13,up
6038.0,13,20,up
6058.0,1,23,up
6111.0,23,32,up
6171.0,23,32,up
6231.0,23,32,up
6268.0,1,23,up
6307.0,1,23,up
6328.0,5,26,up
6358.0,1,23,up
6370.0,9,25,up
6483.0,2,15,up
6540.0,9,25,up
6577.0,23,32,up
6600.0,9,25,up
6668.0,7,13,up
6670.0,9,25,up
6718.0,23,32,up
6818.0,7,13,up
6868.0,1,23,up
6898.0,1,23,up
6959.0,5,26,up
6969.0,7,20,up
6998.0,7,13,up
7058.0,1,23,up
7114.0,2,15,up
7148.0,1,23,up
7211.0,9,25,up
7234.0,2,15,up
7240.0,19,27,up
7298.0,1,23,up
7325.0,2,15,up
7360.0,19,27,up
7388.0,1,23,up
7447.0,21,32,up
7450.0,22,27,up
7528.0,1,23,up
7530.0,5,26,up
7530.0,9,25,up
7558.0,1,23,up
7569.0,8,30,up
7598.0,1,23,up
7631.0,9,25,up
7649.0,1,23,up
7678.0,1,23,up
7686.0,1,32,up
7686.0,23,32,up
7738.0,23,32,up
7749.0,1,23,up
7768.0,23,32,up
7780.0,8,30,up
7798.0,1,23,up
7807.0,1,32,up
7816.0,2,15,up
7837.0,1,32,up
7842.0,9,25,up
7918.0,1,23,up
8017.0,23,32,up
8019.0,1,23,up
8019.0,1,32,up
8020.0,19,27,up
8025.0,2,15,up
8040.0,9,25,up
8068.0,23,32,up
8079.0,1,23,up
8079.0,1,32,up
8080.0,9,25,up
8085.0,2,15,up
8110.0,19,27,up
8145.0,2,15,up
8188.0,23,32,up
8191.0,9,25,up
8206.0,2,15,up
8235.0,2,15,up
8278.0,1,23,up
8287.0,23,32,up
8289.0,1,32,up
8317.0,23,32,up
8320.0,9,25,up
8348.0,1,32,up
8371.0,9,25,up
8399.0,23,32,up
8411.0,19,27,up
8460.0,5,26,up
8500.0,9,25,up
8527.0,1,32,up
8531.0,19,27,up
8535.0,2,15,up
8591.0,19,27,up
8591.0,9,25,up
8625.0,2,15,up
8669.0,23,32,up
8699.0,23,32,up
8711.0,19,27,up
8711.0,9,25,up
8767.0,23,32,up
8831.0,19,27,up
8857.0,23,32,up
8891.0,19,27,up
8911.0,9,25,up
8917.0,2,15,up
8971.0,9,25,up
8977.0,23,32,up
9001.0,9,25,up
9035.0,2,15,up
9037.0,23,32,up
9131.0,19,27,up
9156.0,2,15,up
9179.0,1,23,up
9187.0,23,32,up
9190.0,19,27,up
9216.0,2,15,up
9239.0,1,23,up
9239.0,23,32,up
9277.0,23,32,up
9280.0,19,27,up
9341.0,19,27,up
9487.0,2,15,up
9551.0,19,27,up
9579.0,1,23,up
9636.0,7,13,up
9637.0,23,32,up
9660.0,1,23,up
9671.0,19,27,up
9729.0,1,23,up
9759.0,1,32,up
9759.0,23,32,up
9789.0,1,32,up
9849.0,23,32,up
9900.0,23,32,up
9960.0,23,32,up
10020.0,23,32,up
10087.0,2,15,up
10092.0,9,25,up
10140.0,23,32,up
10152.0,9,25,up
10239.0,1,23,up
10298.0,2,15,up
10298.0,23,32,up
10302.0,9,25,up
10328.0,2,15,up
10350.0,23,32,up
10389.0,1,23,up
10416.0,9,25,up
10453.0,9,25,up
10482.0,9,25,up
10507.0,2,15,up
10509.0,1,23,up
10530.0,23,32,up
10538.0,2,15,up
10568.0,2,15,up
10600.0,1,32,up
10600.0,7,13,up
10632.0,9,25,up
10659.0,1,23,up
10688.0,2,15,up
10689.0,1,32,up
10750.0,23,32,up
10752.0,9,25,up
10800.0,23,32,up
10807.0,7,13,up
10867.0,9,25,up
10869.0,1,32,up
10897.0,9,25,up
10987.0,7,20,up
10989.0,1,32,up
11017.0,2,15,up
11047.0,4,10,up
11049.0,1,32,up
11083.0,9,25,up
11107.0,4,10,up
11110.0,1,32,up
11110.0,23,32,up
11130.0,1,23,up
11137.0,7,20,up
11138.0,2,15,up
11167.0,4,10,up
11170.0,1,23,up
11170.0,1,32,up
11228.0,2,15,up
11250.0,23,32,up
11289.0,23,32,up
11320.0,1,23,up
11320.0,1,32,up
11350.0,1,32,up
11500.0,7,13,up
11520.0,1,23,up
11530.0,1,32,up
11580.0,1,23,up
11580.0,23,32,up
11640.0,23,32,up
11648.0,2,15,up
11678.0,2,15,up
11679.0,23,32,up
11710.0,23,32,up
11737.0,9,25,up
11769.0,1,32,up
11791.0,23,32,up
11850.0,23,32,up
11890.0,1,32,up
11921.0,1,23,up
11949.0,23,32,up
11951.0,1,32,up
12030.0,1,23,up
12039.0,23,32,up
12069.0,19,27,up
12070.0,1,23,up
12070.0,1,32,up
12159.0,23,32,up
12191.0,1,32,up
12270.0,23,32,up
12300.0,1,23,up
12309.0,23,32,up
12338.0,4,10,up
12367.0,9,25,up
12398.0,2,15,up
12399.0,1,32,up
12399.0,23,32,up
12431.0,1,23,up
12459.0,1,32,up
12518.0,2,15,up
12551.0,1,23,up
12601.0,1,23,up
12757.0,7,20,up
12759.0,23,32,up
12790.0,19,27,up
12816.0,7,20,up
12849.0,1,32,up
12878.0,7,20,up
12879.0,1,32,up
12999.0,23,32,up
13026.0,7,20,up
13059.0,23,32,up
13061.0,13,20,up
13061.0,7,13,up
13088.0,9,25,up
13149.0,2,15,up
13150.0,23,32,up
13202.0,1,23,up
13231.0,23,32,up
13239.0,2,15,up
13261.0,1,23,up
13270.0,23,32,up
13330.0,19,27,up
13387.0,9,25,up
13390.0,23,32,up
13480.0,19,27,up
13539.0,9,25,up
13540.0,23,32,up
13566.0,12,38,up
13599.0,2,15,up
13621.0,23,32,up
13658.0,17,28,up
13658.0,9,25,up
13681.0,23,32,up
13717.0,9,25,up
13807.0,17,28,up
13837.0,9,25,up
13838.0,2,15,up
13898.0,9,25,up
13927.0,17,28,up
13959.0,2,15,up
13960.0,23,32,up
13962.0,17,28,up
13988.0,28,39,up
14017.0,38,39,up
14018.0,2,15,up
14021.0,1,32,up
14048.0,2,15,up
14051.0,1,23,up
14072.0,23,32,up
14108.0,17,28,up
14108.0,9,25,up
14112.0,13,20,up
14138.0,9,25,up
14141.0,1,23,up
14168.0,2,15,up
14171.0,1,23,up
14171.0,1,32,up
14201.0,23,32,up
14202.0,1,23,up
14231.0,1,23,up
14231.0,1,32,up
14232.0,17,28,up
14258.0,2,15,up
14258.0,9,25,up
14259.0,7,13,up
14291.0,1,32,up
14291.0,23,32,up
14312.0,1,23,up
14319.0,2,15,up
14319.0,7,13,up
14351.0,1,32,up
14372.0,23,32,up
14381.0,1,23,up
14407.0,37,38,up
14409.0,2,15,up
14411.0,1,23,up
14439.0,9,25,up
14442.0,17,28,up
14492.0,1,23,up
14529.0,9,25,up
14531.0,1,32,up
14531.0,23,32,up
14562.0,1,23,up
14591.0,1,32,up
14591.0,23,32,up
14621.0,23,32,up
14622.0,1,23,up
14622.0,1,32,up
14622.0,17,28,up
14646.0,13,20,up
14679.0,9,25,up
14712.0,1,23,up
14712.0,1,32,up
14732.0,23,32,up
14738.0,17,28,up
14766.0,13,20,up
14772.0,17,28,up
14802.0,17,28,up
14822.0,23,32,up
14831.0,1,32,up
14860.0,2,15,up
14889.0,9,25,up
14891.0,23,32,up
14918.0,17,28,up
14920.0,5,26,up
14942.0,1,23,up
14951.0,1,32,up
14951.0,23,32,up
14979.0,9,25,up
15010.0,2,15,up
15039.0,9,25,up
15071.0,23,32,up
15098.0,17,28,up
15122.0,23,32,up
15132.0,1,23,up
15158.0,17,28,up
15161.0,1,32,up
15192.0,17,28,up
15221.0,1,32,up
15248.0,17,28,up
15278.0,17,28,up
15339.0,9,25,up
15342.0,1,23,up
15362.0,23,32,up
15371.0,1,32,up
15398.0,17,28,up
15402.0,1,23,up
15402.0,1,32,up
15430.0,2,15,up
15482.0,1,23,up
15522.0,1,23,up
15572.0,1,23,up
15611.0,1,32,up
15611.0,23,32,up
15671.0,23,32,up
15758.0,1,23,up
15761.0,23,32,up
15818.0,1,23,up
15911.0,23,32,up
15962.0,1,23,up
15999.0,9,25,up
16027.0,13,20,up
16058.0,1,23,up
16061.0,23,32,up
16118.0,1,32,up
16121.0,23,32,up
16148.0,1,32,up
16149.0,9,25,up
16232.0,23,32,up
16293.0,23,32,up
16300.0,2,15,up
16302.0,1,32,up
16357.0,13,20,up
16383.0,23,32,up
16413.0,23,32,up
16418.0,17,28,up
16419.0,9,25,up
16450.0,2,15,up
16450.0,4,10,up
16473.0,23,32,up
16508.0,1,32,up
16512.0,23,32,up
16533.0,1,23,up
16542.0,1,32,up
16542.0,19,27,up
16542.0,23,32,up
16569.0,9,25,up
16602.0,23,32,up
16658.0,1,23,up
16658.0,1,32,up
16692.0,1,32,up
16713.0,1,23,up
16720.0,2,15,up
16720.0,7,13,up
16809.0,9,25,up
16863.0,23,32,up
16899.0,7,13,up
16923.0,23,32,up
16930.0,2,15,up
17018.0,1,23,up
17080.0,9,25,up
17082.0,23,32,up
17141.0,23,32,up
17171.0,1,32,up
17222.0,1,23,up
17222.0,23,32,up
17230.0,2,15,up
17258.0,17,28,up
17259.0,9,25,up
17381.0,2,15,up
17408.0,17,28,up
17502.0,1,32,up
17560.0,9,25,up
17561.0,7,13,up
17650.0,9,25,up
17770.0,2,15,up
17772.0,1,32,up
17798.0,1,23,up
17800.0,17,28,up
17800.0,9,25,up
17801.0,7,20,up
17859.0,9,25,up
17889.0,1,32,up
17890.0,9,25,up
17920.0,21,23,up
17944.0,1,23,up
18004.0,1,23,up
18013.0,1,32,up
18034.0,23,32,up
18064.0,1,23,up
18068.0,1,32,up
18094.0,23,32,up
18099.0,9,25,up
18128.0,7,20,up
18131.0,2,15,up
18133.0,23,32,up
18159.0,1,32,up
18160.0,9,25,up
18274.0,23,32,up
18280.0,2,15,up
18311.0,2,15,up
18311.0,7,20,up
18334.0,1,23,up
18340.0,9,25,up
18364.0,23,32,up
18369.0,1,23,up
18400.0,9,25,up
18402.0,19,27,up
18431.0,1,32,up
18431.0,23,32,up
18519.0,1,32,up
18544.0,1,23,up
18544.0,23,32,up
18552.0,1,32,up
18581.0,7,13,up
18582.0,19,27,up
18609.0,1,32,up
18610.0,2,15,up
18640.0,1,32,up
18673.0,1,32,up
18701.0,2,15,up
18731.0,9,25,up
18732.0,1,32,up
18761.0,2,15,up
18791.0,9,25,up
18792.0,23,32,up
18820.0,1,32,up
18822.0,23,32,up
18973.0,19,27,up
19001.0,9,25,up
19002.0,23,32,up
19029.0,37,38,up
19061.0,7,13,up
19090.0,1,23,up
19121.0,9,25,up
19122.0,1,32,up
19122.0,23,32,up
19174.0,23,32,up
19181.0,9,25,up
19211.0,7,13,up
19242.0,23,32,up
19243.0,19,27,up
19301.0,9,25,up
19391.0,7,13,up
19393.0,19,27,up
19422.0,23,32,up
19452.0,2,15,up
19481.0,9,25,up
19540.0,1,23,up
19571.0,7,13,up
19573.0,19,27,up
19601.0,9,25,up
19630.0,1,23,up
19632.0,23,32,up
19662.0,1,32,up
19691.0,9,25,up
19692.0,1,32,up
19692.0,23,32,up
19723.0,19,27,up
19750.0,1,21,up
19781.0,9,25,up
19783.0,19,27,up
19805.0,23,32,up
19811.0,1,21,up
19841.0,1,21,up
19895.0,21,23,up
19902.0,23,32,up
19930.0,1,23,up
19930.0,1,32,up
19933.0,2,15,up
19960.0,1,21,up
19960.0,21,23,up
19961.0,9,25,up
20021.0,9,25,up
20045.0,1,23,up
20075.0,23,32,up
20083.0,2,15,up
20142.0,9,25,up
20170.0,1,23,up
20170.0,1,32,up
20232.0,1,32,up
20261.0,9,25,up
20262.0,1,32,up
20290.0,1,23,up
20319.0,7,20,up
20412.0,1,32,up
20435.0,1,23,up
20465.0,23,32,up
20470.0,1,32,up
20495.0,23,32,up
20502.0,1,32,up
20529.0,7,20,up
20531.0,9,25,up
20532.0,2,15,up
20555.0,1,23,up
20555.0,23,32,up
20592.0,9,25,up
20652.0,2,15,up
20680.0,1,32,up
20681.0,9,25,up
20742.0,9,25,up
20832.0,1,32,up
20892.0,1,32,up
20942.0,1,23,up
20950.0,1,32,up
20951.0,9,25,up
20983.0,23,32,up
21010.0,1,23,up
21100.0,1,23,up
21128.0,2,15,up
21213.0,1,23,up
21219.0,7,13,up
21303.0,23,32,up
21310.0,1,32,up
21371.0,1,32,up
21402.0,9,25,up
21430.0,1,32,up
21490.0,1,32,up
21497.0,30,40,up
21518.0,9,25,up
21556.0,30,40,up
21578.0,9,25,up
21580.0,2,15,up
21617.0,30,40,up
21642.0,1,32,up
21724.0,30,40,up
21753.0,23,32,up
21766.0,30,40,up
21787.0,2,15,up
21820.0,2,15,up
21877.0,2,15,up
21881.0,1,32,up
21910.0,2,15,up
21943.0,1,32,up
21971.0,1,23,up
22002.0,1,32,up
22062.0,9,25,up
22181.0,1,32,up
22233.0,23,32,up
22239.0,9,25,up
22263.0,23,32,up
22267.0,2,15,up
22332.0,9,25,up
22419.0,9,25,up
22424.0,23,32,up
22450.0,2,15,up
22473.0,23,32,up
22508.0,2,15,up
22539.0,9,25,up
22572.0,9,25,up
22598.0,2,15,up
22632.0,9,25,up
22653.0,23,32,up
22713.0,1,23,up
22751.0,1,23,up
22754.0,23,32,up
22842.0,1,23,up
22898.0,2,15,up
22934.0,23,32,up
22964.0,23,32,up
22988.0,2,15,up
23054.0,23,32,up
23104.0,23,32,up
23109.0,2,15,up
23139.0,2,15,up
23144.0,23,32,up
23172.0,1,23,up
23199.0,2,15,up
23234.0,23,32,up
23259.0,2,15,up
23384.0,1,32,up
23704.0,23,32,up
23709.0,9,25,up
23741.0,2,15,up
23802.0,1,23,up
23829.0,9,25,up
23853.0,23,32,up
23883.0,23,32,up
23949.0,17,28,up
23949.0,9,25,up
23954.0,23,32,up
23978.0,17,28,up
24011.0,38,39,up
24033.0,23,32,up
24038.0,17,28,up
24041.0,38,39,up
24074.0,23,32,up
24099.0,9,25,up
24132.0,1,23,up
24132.0,1,32,up
24193.0,17,28,up
24219.0,9,25,up
24244.0,23,32,up
24252.0,38,39,up
24314.0,23,32,up
24334.0,1,23,up
24342.0,17,28,up
24342.0,38,39,up
24344.0,1,32,up
24344.0,23,32,up
24371.0,9,25,up
24372.0,1,23,up
24402.0,1,23,up
24433.0,17,28,up
24484.0,1,23,up
24489.0,2,15,up
24492.0,17,28,up
24544.0,23,32,up
24574.0,1,23,up
24639.0,2,15,up
24673.0,17,28,up
24704.0,23,32,up
24715.0,17,39,up
24715.0,28,39,up
24724.0,1,23,up
24731.0,2,15,up
24733.0,17,28,up
24754.0,23,32,up
24757.0,9,25,up
24761.0,2,15,up
24775.0,38,39,up
24820.0,9,25,up
24824.0,23,32,up
24836.0,38,39,up
24852.0,1,32,up
24874.0,23,32,up
24913.0,17,28,up
24913.0,19,27,up
24972.0,38,39,up
24999.0,2,15,up
25003.0,28,38,up
25004.0,19,27,up
25032.0,2,15,up
25058.0,17,28,up
25075.0,38,39,up
25118.0,17,28,up
25124.0,19,27,up
25149.0,2,15,up
25209.0,17,28,up
25214.0,19,27,up
25215.0,23,32,up
25239.0,2,15,up
25242.0,7,13,up
25243.0,17,28,up
25255.0,38,39,up
25270.0,9,25,up
25274.0,23,32,up
25285.0,28,39,up
25293.0,1,23,up
25359.0,17,39,up
25386.0,23,32,up
25389.0,17,28,up
25393.0,1,23,up
25420.0,9,25,up
25445.0,23,32,up
25453.0,1,23,up
25481.0,2,15,up
25505.0,1,23,up
25512.0,17,28,up
25512.0,2,15,up
25512.0,28,38,up
25535.0,23,32,up
25572.0,2,15,up
25596.0,9,25,up
25602.0,17,28,up
25626.0,9,25,up
25631.0,2,15,up
25662.0,28,38,up
25715.0,23,32,up
25721.0,2,15,up
25746.0,9,25,up
25780.0,17,39,up
25782.0,28,38,up
25786.0,1,32,up
25805.0,23,32,up
25809.0,2,15,up
25836.0,9,25,up
25843.0,1,23,up
25846.0,23,32,up
25869.0,17,39,up
25903.0,1,32,up
25906.0,23,32,up
25929.0,17,39,up
25932.0,28,38,up
25959.0,2,15,up
25986.0,9,25,up
25990.0,17,38,up
25993.0,17,28,up
26019.0,17,39,up
26045.0,23,32,up
26049.0,17,38,up
26053.0,28,38,up
26080.0,9,25,up
26083.0,1,23,up
26083.0,28,39,up
26086.0,1,32,up
26086.0,23,32,up
26135.0,23,32,up
26136.0,9,25,up
26140.0,2,15,up
26143.0,1,23,up
26143.0,17,28,up
26173.0,28,38,up
26200.0,2,15,up
26233.0,28,39,up
26236.0,23,32,up
26255.0,1,23,up
26261.0,9,25,up
26262.0,2,15,up
26293.0,17,28,up
26322.0,2,15,up
26323.0,1,23,up
26323.0,28,38,up
26350.0,17,28,up
26350.0,17,38,up
26356.0,23,32,up
26386.0,1,32,up
26435.0,1,23,up
26435.0,23,32,up
26440.0,17,28,up
26440.0,17,39,up
26443.0,28,38,up
26471.0,9,25,up
26506.0,1,32,up
26563.0,1,32,up
26596.0,23,32,up
26623.0,1,23,up
26624.0,19,27,up
26711.0,9,25,up
26712.0,2,15,up
26769.0,2,15,up
26770.0,17,39,up
26772.0,9,25,up
26830.0,17,28,up
26831.0,9,25,up
26866.0,1,32,up
26885.0,23,32,up
26890.0,17,28,up
26892.0,2,15,up
26915.0,1,23,up
26915.0,23,32,up
26950.0,2,15,up
26953.0,1,32,up
26982.0,2,15,up
27010.0,17,39,up
27043.0,28,38,up
27072.0,2,15,up
27073.0,1,32,up
27073.0,17,28,up
27103.0,17,28,up
27103.0,28,39,up
27160.0,17,38,up
27163.0,28,39,up
27223.0,7,13,up
27245.0,23,32,up
27283.0,28,39,up
27284.0,1,23,up
27310.0,17,28,up
27310.0,17,39,up
27335.0,23,32,up
27341.0,2,15,up
27343.0,17,28,up
27368.0,9,25,up
27370.0,17,39,up
27406.0,23,32,up
27430.0,17,39,up
27431.0,9,25,up
27433.0,17,28,up
27433.0,2,15,up
27455.0,23,32,up
27463.0,28,39,up
27492.0,1,23,up
27520.0,17,38,up
27526.0,23,32,up
27547.0,9,25,up
27553.0,28,38,up
27557.0,1,32,up
27583.0,28,39,up
27586.0,1,32,up
27610.0,17,39,up
27668.0,9,25,up
27671.0,2,15,up
27673.0,28,39,up
27703.0,2,15,up
27733.0,17,28,up
27760.0,17,38,up
27763.0,28,39,up
27791.0,17,28,up
27793.0,28,38,up
27822.0,1,32,up
27823.0,2,15,up
27852.0,1,23,up
27881.0,2,15,up
27884.0,28,38,up
27886.0,1,32,up
27912.0,1,23,up
27912.0,9,25,up
27914.0,19,27,up
27970.0,17,39,up
27971.0,2,15,up
27977.0,23,32,up
28000.0,17,38,up
28007.0,1,32,up
28031.0,2,15,up
28033.0,28,39,up
28060.0,17,38,up
28063.0,17,28,up
28064.0,19,27,up
28094.0,28,39,up
28127.0,1,32,up
28153.0,17,28,up
28180.0,17,38,up
28182.0,9,25,up
28216.0,1,32,up
28244.0,19,27,up
28246.0,23,32,up
28247.0,16,45,up
28270.0,17,28,up
28273.0,2,15,up
28273.0,28,39,up
28300.0,17,28,up
28300.0,17,39,up
28332.0,1,32,up
28333.0,28,38,up
28334.0,19,27,up
28388.0,9,25,up
28392.0,1,23,up
28394.0,19,27,up
28506.0,23,32,up
28548.0,8,45,up
28600.0,17,39,up
28601.0,2,15,up
28633.0,28,38,up
28638.0,8,45,up
28661.0,2,15,up
28663.0,17,28,up
28666.0,19,27,up
28705.0,6,36,up
28721.0,17,28,up
28723.0,28,38,up
28751.0,6,36,up
28752.0,1,32,up
28753.0,28,39,up
28776.0,1,23,up
28776.0,23,32,up
28778.0,9,25,up
28781.0,17,38,up
28786.0,1,32,up
28811.0,17,28,up
28811.0,17,39,up
28826.0,6,36,up
28848.0,8,45,up
28868.0,9,25,up
28871.0,17,39,up
28896.0,1,23,up
28902.0,9,25,up
28908.0,8,45,up
28931.0,17,38,up
28936.0,23,32,up
28992.0,1,23,up
28992.0,1,32,up
28994.0,17,28,up
28998.0,8,45,up
29024.0,2,15,up
29065.0,36,44,up
29082.0,1,23,up
29124.0,36,44,up
29136.0,23,32,up
29141.0,17,38,up
29142.0,1,23,up
29168.0,9,25,up
29178.0,8,45,up
29204.0,28,38,up
29230.0,17,28,up
29230.0,17,38,up
29232.0,6,36,up
29256.0,1,23,up
29288.0,9,25,up
29292.0,6,36,up
29294.0,17,28,up
29322.0,6,36,up
29324.0,28,38,up
29329.0,8,16,up
29352.0,1,23,up
29364.0,6,36,up
29406.0,23,32,up
29408.0,9,25,up
29418.0,8,16,up
29440.0,17,28,up
29442.0,6,36,up
29449.0,8,16,up
29467.0,6,47,up
29471.0,17,28,up
29471.0,7,13,up
29472.0,6,36,up
29472.0,9,25,up
29497.0,36,47,up
29497.0,36,50,up
29497.0,47,50,up
29497.0,6,50,up
29506.0,19,42,up
29507.0,1,32,up
29526.0,22,51,up
29557.0,47,50,up
29562.0,6,36,up
29565.0,28,38,up
29566.0,19,42,up
29586.0,1,23,up
29591.0,17,38,up
29599.0,8,16,up
29603.0,36,50,up
29620.0,17,39,up
29622.0,1,23,up
29647.0,36,47,up
29651.0,2,15,up
29653.0,6,44,up
29676.0,1,23,up
29680.0,17,39,up
29684.0,28,39,up
29689.0,8,16,up
29707.0,47,50,up
29707.0,6,50,up
29711.0,17,28,up
29712.0,6,36,up
29712.0,9,25,up
29714.0,28,38,up
29719.0,16,45,up
29742.0,4,10,up
29742.0,6,36,up
29767.0,36,47,up
29767.0,47,50,up
29767.0,6,47,up
29774.0,28,39,up
29777.0,1,32,up
29784.0,36,44,up
29805.0,17,28,up
29827.0,6,47,up
29828.0,9,25,up
29836.0,19,22,up
29837.0,23,32,up
29843.0,36,44,up
29861.0,2,15,up
29866.0,19,22,up
29869.0,8,16,up
29916.0,6,50,up
29917.0,47,50,up
29917.0,6,47,up
29929.0,8,16,up
29951.0,17,38,up
29952.0,9,25,up
29953.0,6,36,up
29953.0,6,50,up
29954.0,17,28,up
29977.0,1,23,up
29977.0,23,32,up
30012.0,17,38,up
30012.0,9,25,up
30014.0,2,15,up
30015.0,17,28,up
30023.0,36,44,up
30037.0,1,23,up
30037.0,47,50,up
30067.0,47,50,up
30068.0,6,50,up
30072.0,1,32,up
30102.0,1,32,up
30102.0,9,25,up
30103.0,6,36,up
30110.0,8,16,up
30135.0,28,38,up
30144.0,36,44,up
30158.0,9,25,up
30192.0,1,32,up
30218.0,6,50,up
30222.0,9,25,up
30224.0,28,38,up
30230.0,8,16,up
30253.0,1,23,up
30253.0,19,22,up
30254.0,17,28,up
30283.0,17,38,up
30283.0,5,26,up
30294.0,6,36,up
30313.0,6,50,up
30313.0,9,25,up
30314.0,28,38,up
30343.0,6,44,up
30353.0,6,36,up
30372.0,17,28,up
30372.0,17,38,up
30372.0,9,25,up
30391.0,47,50,up
30402.0,17,28,up
30421.0,6,47,up
30427.0,1,23,up
30431.0,2,15,up
30433.0,6,50,up
30434.0,5,26,up
30474.0,36,44,up
30493.0,6,44,up
30495.0,28,38,up
30511.0,47,50,up
30522.0,1,32,up
30553.0,2,15,up
30553.0,6,47,up
30582.0,9,25,up
30583.0,2,15,up
30584.0,1,32,up
30601.0,47,50,up
30613.0,2,15,up
30631.0,47,50,up
30643.0,19,22,up
30643.0,2,15,up
30643.0,6,44,up
30644.0,28,38,up
30667.0,1,23,up
30702.0,9,25,up
30703.0,19,22,up
30703.0,6,36,up
30758.0,47,50,up
30760.0,11,46,up
30762.0,17,39,up
30788.0,6,50,up
30792.0,1,23,up
30823.0,6,47,up
30823.0,6,50,up
30824.0,28,38,up
30864.0,36,44,up
30864.0,6,36,up
30883.0,9,25,up
30913.0,17,28,up
30919.0,8,45,up
30923.0,36,44,up
30944.0,28,39,up
30961.0,47,50,up
30972.0,17,38,up
30973.0,1,23,up
30973.0,5,26,up
30975.0,17,28,up
30975.0,28,38,up
30999.0,9,25,up
31028.0,47,50,up
31032.0,17,38,up
31033.0,5,26,up
31035.0,17,28,up
31035.0,28,38,up
31065.0,28,39,up
31092.0,11,48,up
31093.0,6,44,up
31103.0,36,50,up
31118.0,1,23,up
31123.0,6,36,up
31123.0,6,50,up
31126.0,28,39,up
31153.0,17,28,up
31154.0,2,15,up
31159.0,8,45,up
31182.0,17,38,up
31196.0,6,50,up
31208.0,1,23,up
31213.0,5,26,up
31220.0,8,16,up
31274.0,23,32,up
31274.0,4,10,up
31305.0,28,38,up
31307.0,6,50,up
31330.0,11,48,up
31332.0,17,28,up
31332.0,17,38,up
31333.0,2,15,up
31334.0,23,32,up
31356.0,16,30,up
31365.0,28,39,up
31369.0,8,16,up
31381.0,47,50,up
31390.0,9,25,up
31393.0,17,28,up
31393.0,17,39,up
31393.0,2,15,up
31394.0,4,10,up
31395.0,23,32,up
31424.0,1,32,up
31448.0,21,23,up
31453.0,5,26,up
31471.0,47,50,up
31471.0,6,47,up
31489.0,8,16,up
31508.0,1,23,up
31509.0,11,46,up
31513.0,17,28,up
31520.0,16,30,up
31543.0,2,15,up
31545.0,28,39,up
31568.0,23,32,up
31574.0,9,25,up
31575.0,2,15,up
31580.0,16,30,up
31585.0,36,44,up
31585.0,6,36,up
31598.0,1,23,up
31605.0,2,15,up
31605.0,28,38,up
31621.0,6,47,up
31634.0,9,25,up
31635.0,28,39,up
31651.0,27,35,up
31662.0,17,28,up
31662.0,17,39,up
31664.0,9,25,up
31665.0,2,15,up
31697.0,6,50,up
31722.0,11,48,up
31722.0,46,48,up
31724.0,1,23,up
31724.0,23,32,up
31726.0,4,10,up
31746.0,16,30,up
31748.0,11,46,up
31754.0,1,32,up
31754.0,9,25,up
31782.0,17,39,up
31784.0,9,25,up
31785.0,28,38,up
31807.0,16,30,up
31819.0,21,23,up
31831.0,47,50,up
31831.0,6,47,up
31837.0,23,32,up
31842.0,11,48,up
31842.0,46,48,up
31844.0,1,21,up
31846.0,2,15,up
31873.0,22,35,up
31874.0,9,25,up
31876.0,2,15,up
31898.0,46,48,up
31904.0,1,32,up
31905.0,23,32,up
31906.0,27,35,up
31932.0,17,28,up
31932.0,17,38,up
31934.0,1,32,up
31939.0,16,30,up
31962.0,17,39,up
31967.0,47,50,up
31992.0,46,48,up
32022.0,11,48,up
32024.0,1,23,up
32024.0,4,10,up
32027.0,17,28,up
32030.0,16,30,up
32050.0,9,25,up
32056.0,2,15,up
32057.0,22,27,up
32057.0,6,50,up
32059.0,8,16,up
32086.0,2,15,up
32086.0,28,39,up
32113.0,22,35,up
32115.0,1,32,up
32143.0,17,38,up
32149.0,16,30,up
32168.0,1,23,up
32168.0,11,46,up
32203.0,22,35,up
32204.0,1,23,up
32205.0,2,15,up
32233.0,5,26,up
32234.0,9,25,up
32239.0,16,45,up
32251.0,47,50,up
32251.0,6,47,up
32260.0,11,48,up
32264.0,1,23,up
32264.0,1,32,up
32268.0,6,50,up
32290.0,11,46,up
32323.0,17,28,up
32323.0,17,38,up
32331.0,8,16,up
32360.0,8,16,up
32386.0,17,28,up
32387.0,47,50,up
32408.0,1,23,up
32410.0,11,48,up
32415.0,2,15,up
32418.0,19,27,up
32440.0,9,25,up
32443.0,22,35,up
32455.0,36,44,up
32455.0,6,36,up
32473.0,17,28,up
32478.0,19,35,up
32478.0,6,50,up
32500.0,11,46,up
32508.0,19,27,up
32530.0,9,25,up
32534.0,2,15,up
32536.0,17,28,up
32563.0,13,20,up
32593.0,17,39,up
32593.0,7,20,up
32596.0,28,38,up
32600.0,16,30,up
32651.0,9,25,up
32653.0,7,20,up
32656.0,28,38,up
32660.0,8,16,up
32679.0,2,15,up
32684.0,5,26,up
32709.0,11,46,up
32709.0,2,15,up
32713.0,22,35,up
32720.0,8,16,up
32748.0,6,50,up
32772.0,11,46,up
32796.0,8,30,up
32806.0,17,28,up
32824.0,23,32,up
32833.0,17,38,up
32833.0,7,20,up
32840.0,8,30,up
32841.0,11,48,up
32841.0,46,48,up
32863.0,17,28,up
32865.0,1,23,up
32865.0,1,32,up
32892.0,17,28,up
32900.0,8,16,up
32920.0,46,48,up
32922.0,17,38,up
32949.0,46,48,up
32953.0,22,35,up
32954.0,1,32,up
32956.0,17,28,up
32956.0,28,38,up
32956.0,4,10,up
32980.0,9,25,up
32982.0,11,46,up
32990.0,8,45,up
33016.0,17,28,up
33016.0,2,15,up
33034.0,23,32,up
33044.0,1,32,up
33052.0,46,48,up
33068.0,22,51,up
33068.0,35,51,up
33071.0,9,25,up
33077.0,19,27,up
33099.0,27,51,up
33099.0,46,48,up
33103.0,7,20,up
33107.0,27,35,up
33128.0,35,51,up
33133.0,13,20,up
33136.0,17,28,up
33136.0,28,39,up
33140.0,16,30,up
33166.0,17,28,up
33188.0,27,51,up
33192.0,9,25,up
33197.0,19,27,up
33227.0,19,51,up
33279.0,2,15,up
33283.0,5,53,up
33287.0,17,28,up
33290.0,16,45,up
33308.0,35,51,up
33312.0,11,48,up
33339.0,46,48,up
33344.0,1,32,up
33364.0,1,23,up
33369.0,46,48,up
33380.0,8,16,up
33400.0,19,51,up
33402.0,11,46,up
33429.0,46,48,up
33433.0,13,20,up
33434.0,1,32,up
33440.0,8,16,up
33459.0,2,15,up
33464.0,22,35,up
33490.0,11,46,up
33555.0,22,35,up
33557.0,19,35,up
33583.0,13,20,up
33584.0,2,15,up
33620.0,8,16,up
33622.0,46,48,up
33626.0,36,44,up
33626.0,6,36,up
33630.0,22,35,up
33644.0,2,15,up
33646.0,28,38,up
33699.0,2,15,up
33702.0,9,25,up
33706.0,17,28,up
33710.0,8,16,up
33729.0,46,48,up
33763.0,13,20,up
33765.0,22,35,up
33796.0,28,38,up
33821.0,2,15,up
33826.0,28,39,up
33849.0,46,48,up
33857.0,28,38,up
33916.0,28,38,up
33918.0,19,27,up
33946.0,19,35,up
33975.0,22,51,up
34002.0,11,46,up
34004.0,2,15,up
34011.0,8,16,up
34064.0,2,15,up
34088.0,16,30,up
34130.0,12,28,up
34245.0,5,26,up
34251.0,16,30,up
34271.0,17,28,up
34300.0,2,15,up
34306.0,17,28,up
34309.0,12,28,up
34329.0,46,48,up
34341.0,16,30,up
34341.0,8,16,up
34359.0,11,46,up
34365.0,22,42,up
34370.0,12,38,up
34372.0,11,48,up
34397.0,19,35,up
34402.0,11,48,up
34424.0,5,26,up
34432.0,46,48,up
34455.0,22,42,up
34461.0,8,16,up
34486.0,17,28,up
34490.0,12,38,up
34510.0,2,15,up
34512.0,9,25,up
34552.0,46,48,up
34572.0,12,17,up
34579.0,12,28,up
34581.0,16,45,up
34582.0,11,48,up
34602.0,25,56,up
34606.0,17,28,up
34611.0,8,30,up
34627.0,9,56,up
34643.0,11,48,up
34666.0,17,28,up
34671.0,8,30,up
34694.0,1,32,up
34730.0,12,17,up
34778.0,8,30,up
34780.0,46,48,up
34782.0,12,17,up
34784.0,7,43,up
34786.0,28,39,up
34787.0,19,35,up
34808.0,8,30,up
34812.0,25,56,up
34819.0,12,17,up
34819.0,12,28,up
34822.0,16,30,up
34822.0,8,16,up
34852.0,8,30,up
34865.0,23,32,up
34870.0,46,48,up
34876.0,28,39,up
34882.0,16,30,up
34907.0,19,35,up
34925.0,1,23,up
34937.0,12,28,up
34958.0,16,30,up
34985.0,1,23,up
34999.0,12,17,up
35002.0,8,30,up
35022.0,17,28,up
35032.0,8,16,up
35049.0,46,48,up
35052.0,12,17,up
35059.0,19,27,up
35059.0,27,35,up
35114.0,7,43,up
35147.0,17,28,up
35170.0,46,48,up
35208.0,19,35,up
35225.0,23,32,up
35235.0,1,23,up
35235.0,1,32,up
35242.0,8,16,up
35263.0,11,46,up
35320.0,46,48,up
35322.0,12,17,up
35327.0,28,39,up
35388.0,27,35,up
35396.0,36,50,up
35415.0,5,26,up
35436.0,23,32,up
35469.0,46,48,up
35472.0,12,17,up
35482.0,16,30,up
35495.0,23,32,up
35500.0,2,15,up
35502.0,17,28,up
35507.0,28,39,up
35509.0,12,28,up
35531.0,12,17,up
35533.0,11,46,up
35558.0,30,45,up
35561.0,2,15,up
35598.0,19,35,up
35601.0,8,16,up
35623.0,11,48,up
35625.0,22,51,up
35632.0,16,30,up
35645.0,23,32,up
35649.0,11,46,up
35680.0,46,48,up
35681.0,2,15,up
35697.0,36,50,up
35719.0,12,28,up
35752.0,16,30,up
35757.0,36,50,up
35773.0,11,46,up
35773.0,11,48,up
35817.0,36,50,up
35829.0,11,46,up
35829.0,11,48,up
35829.0,46,48,up
35830.0,7,20,up
35834.0,7,43,up
35862.0,17,28,up
35871.0,8,16,up
35892.0,17,28,up
35893.0,11,46,up
35901.0,16,45,up
35922.0,17,28,up
35925.0,5,26,up
35949.0,11,48,up
35988.0,28,39,up
36014.0,7,43,up
36035.0,1,23,up
36039.0,11,48,up
36041.0,2,15,up
36042.0,17,28,up
36071.0,2,15,up
36101.0,2,15,up
36103.0,11,46,up
36105.0,5,26,up
36112.0,16,30,up
36168.0,19,35,up
36198.0,28,38,up
36218.0,16,30,up
36226.0,1,32,up
36245.0,1,23,up
36245.0,23,32,up
36253.0,9,25,up
36255.0,5,26,up
36262.0,12,28,up
36267.0,6,36,up
36288.0,17,28,up
36309.0,46,48,up
36312.0,12,17,up
36314.0,11,46,up
36316.0,1,32,up
36318.0,12,28,up
36318.0,17,28,up
36322.0,16,30,up
36339.0,11,48,up
36357.0,36,50,up
36365.0,1,23,up
36365.0,23,32,up
36372.0,12,17,up
36372.0,17,28,up
36401.0,11,46,up
36404.0,7,43,up
36408.0,28,38,up
36412.0,8,16,up
36431.0,11,46,up
36433.0,25,57,up
36457.0,9,56,up
36462.0,12,17,up
36464.0,11,48,up
36469.0,19,35,up
36477.0,36,50,up
36494.0,5,26,up
36500.0,12,28,up
36517.0,56,57,up
36521.0,2,15,up
36528.0,17,28,up
36529.0,19,27,up
36530.0,12,17,up
36530.0,12,28,up
36551.0,46,48,up
36554.0,11,48,up
36558.0,17,28,up
36566.0,25,57,up
36566.0,9,57,up
36583.0,9,25,up
36584.0,11,46,up
36588.0,12,28,up
36590.0,12,17,up
36629.0,2,15,up
36644.0,11,46,up
36644.0,11,48,up
36649.0,12,17,up
36675.0,5,26,up
36763.0,25,57,up
36793.0,9,25,up
36796.0,1,32,up
36796.0,7,43,up
36802.0,8,30,up
36819.0,11,48,up
36822.0,17,28,up
36832.0,8,16,up
36853.0,25,57,up
36853.0,9,25,up
36859.0,17,28,up
36862.0,16,30,up
36878.0,8,30,up
36881.0,46,48,up
36888.0,12,28,up
36888.0,17,28,up
36892.0,8,16,up
36899.0,2,15,up
36912.0,12,17,up
36916.0,1,32,up
36916.0,7,43,up
36920.0,12,28,up
36922.0,16,30,up
36965.0,1,23,up
36969.0,16,30,up
36979.0,12,28,up
36982.0,8,16,up
36982.0,8,30,up
36988.0,6,36,up
37003.0,12,17,up
37003.0,25,57,up
37007.0,22,34,up
37029.0,46,48,up
37035.0,5,26,up
37036.0,7,43,up
37040.0,12,17,up
37040.0,12,28,up
37072.0,8,30,up
37102.0,16,30,up
37102.0,8,16,up
37128.0,17,28,up
37143.0,2,15,up
37151.0,46,48,up
37156.0,7,43,up
37184.0,11,46,up
37184.0,11,48,up
37190.0,12,28,up
37193.0,8,30,up
37211.0,2,15,up
37216.0,1,23,up
37218.0,4,10,up
37219.0,17,28,up
37222.0,16,30,up
37222.0,8,16,up
37243.0,12,17,up
37245.0,5,26,up
37269.0,8,30,up
37281.0,12,28,up
37282.0,8,16,up
37299.0,8,30,up
37301.0,11,46,up
37301.0,46,48,up
37311.0,12,28,up
37332.0,12,17,up
37343.0,8,16,up
37343.0,8,30,up
37348.0,36,44,up
37348.0,6,36,up
37356.0,23,32,up
37363.0,12,17,up
37363.0,25,57,up
37363.0,9,25,up
37391.0,11,46,up
37392.0,17,38,up
37419.0,11,48,up
37419.0,46,48,up
37452.0,17,28,up
37455.0,5,26,up
37462.0,16,30,up
37511.0,46,48,up
37541.0,11,46,up
37544.0,11,48,up
37553.0,16,30,up
37566.0,23,32,up
37572.0,17,28,up
37576.0,7,43,up
37601.0,46,48,up
37617.0,36,50,up
37625.0,35,42,up
37635.0,4,10,up
37661.0,11,46,up
37669.0,12,28,up
37672.0,16,30,up
37672.0,8,16,up
37673.0,8,30,up
37685.0,35,42,up
37695.0,5,26,up
37702.0,16,30,up
37724.0,11,46,up
37729.0,12,28,up
37751.0,46,48,up
37758.0,27,42,up
37783.0,9,25,up
37787.0,7,43,up
37813.0,25,57,up
37814.0,11,46,up
37848.0,27,42,up
37849.0,12,28,up
37849.0,17,28,up
37875.0,5,26,up
37879.0,17,28,up
37881.0,12,28,up
37881.0,8,16,up
37908.0,27,42,up
37909.0,17,28,up
37911.0,16,30,up
37935.0,4,10,up
37939.0,19,35,up
37986.0,23,32,up
37996.0,5,26,up
37999.0,19,35,up
38003.0,8,16,up
38003.0,8,30,up
38025.0,4,10,up
38079.0,11,48,up
38079.0,16,30,up
38086.0,1,23,up
38091.0,12,17,up
38165.0,19,42,up
38190.0,44,47,up
38220.0,6,47,up
38239.0,19,42,up
38266.0,5,26,up
38266.0,7,43,up
38292.0,2,15,up
38295.0,4,10,up
38297.0,1,23,up
38297.0,1,32,up
38319.0,11,48,up
38352.0,46,48,up
38354.0,11,46,up
38354.0,25,57,up
38354.0,9,25,up
38405.0,19,42,up
38406.0,1,23,up
38444.0,9,25,up
38473.0,17,28,up
38474.0,11,46,up
38474.0,11,48,up
38476.0,4,10,up
38500.0,16,30,up
38507.0,1,23,up
38509.0,12,28,up
38536.0,22,34,up
38566.0,4,10,up
38573.0,8,16,up
38573.0,8,30,up
38585.0,35,42,up
38597.0,1,23,up
38597.0,1,32,up
38631.0,12,28,up
38657.0,1,23,up
38687.0,1,23,up
38691.0,16,30,up
38713.0,17,28,up
38715.0,4,10,up
38716.0,22,34,up
38736.0,23,32,up
38775.0,4,10,up
38804.0,17,28,up
38808.0,19,27,up
38808.0,27,42,up
38811.0,16,30,up
38826.0,1,23,up
38860.0,11,48,up
38861.0,46,48,up
38864.0,11,46,up
38865.0,4,10,up
38871.0,12,28,up
38885.0,19,42,up
38897.0,1,23,up
38900.0,19,35,up
38902.0,8,16,up
38908.0,6,36,up
38926.0,4,10,up
38929.0,12,28,up
38945.0,19,42,up
38954.0,9,25,up
38980.0,46,48,up
38984.0,11,46,up
38986.0,7,43,up
38987.0,1,23,up
38988.0,27,42,up
38991.0,12,28,up
38991.0,8,16,up
38994.0,2,15,up
39014.0,12,17,up
39014.0,17,28,up
39016.0,25,57,up
39020.0,19,42,up
39022.0,8,30,up
39024.0,2,15,up
39065.0,35,42,up
39069.0,46,48,up
39075.0,25,57,up
39079.0,27,35,up
39079.0,27,42,up
39080.0,19,27,up
39080.0,19,35,up
39081.0,16,30,up
39097.0,23,32,up
39105.0,4,10,up
39136.0,7,43,up
39137.0,22,34,up
39142.0,8,16,up
39148.0,6,36,up
39157.0,1,23,up
39160.0,11,48,up
39164.0,11,46,up
39168.0,27,42,up
39172.0,8,30,up
39201.0,16,30,up
39201.0,8,16,up
39217.0,1,23,up
39225.0,11,46,up
39225.0,11,48,up
39225.0,4,10,up
39262.0,8,30,up
39278.0,1,23,up
39291.0,12,28,up
39314.0,17,28,up
39315.0,4,10,up
39315.0,9,25,up
39320.0,19,35,up
39321.0,8,16,up
39336.0,16,30,up
39337.0,1,23,up
39344.0,11,46,up
39367.0,1,23,up
39374.0,17,28,up
39397.0,21,23,up
39405.0,11,48,up
39412.0,12,38,up
39426.0,35,42,up
39435.0,4,10,up
39443.0,16,30,up
39464.0,11,46,up
39464.0,11,48,up
39472.0,16,30,up
39487.0,23,32,up
39494.0,17,28,up
39496.0,7,43,up
39522.0,46,48,up
39526.0,1,23,up
39531.0,21,23,up
39554.0,17,28,up
39555.0,9,25,up
39577.0,23,32,up
39585.0,25,57,up
39592.0,16,30,up
39616.0,1,21,up
39620.0,19,22,up
39640.0,11,48,up
39644.0,17,28,up
39670.0,11,48,up
39675.0,25,57,up
39698.0,1,23,up
39731.0,11,48,up
39742.0,16,30,up
39770.0,19,34,up
39786.0,35,42,up
39826.0,22,51,up
39828.0,27,35,up
39828.0,27,42,up
39846.0,8,30,up
39847.0,23,32,up
39852.0,20,59,up
39856.0,5,26,up
39857.0,19,22,up
39862.0,16,30,up
39868.0,6,36,up
39882.0,46,48,up
39885.0,9,25,up
39886.0,11,48,up
39890.0,19,51,up
39907.0,1,23,up
39922.0,8,30,up
39925.0,2,15,up
39946.0,11,48,up
39946.0,22,34,up
39948.0,27,35,up
39948.0,27,42,up
39967.0,23,32,up
39982.0,8,16,up
39996.0,8,30,up
39998.0,1,23,up
40032.0,46,48,up
40035.0,17,28,up
40057.0,23,32,up
40064.0,12,17,up
40087.0,16,30,up
40087.0,8,30,up
40096.0,1,23,up
40096.0,9,25,up
40110.0,36,50,up
40121.0,11,48,up
40121.0,46,48,up
40129.0,28,38,up
40152.0,46,48,up
40160.0,19,51,up
40177.0,1,23,up
40185.0,25,57,up
40185.0,9,25,up
40215.0,4,10,up
40242.0,46,48,up
40249.0,12,28,up
40252.0,12,17,up
40252.0,16,30,up
40267.0,23,32,up
40271.0,11,48,up
40276.0,1,32,up
40280.0,4,10,up
40336.0,11,46,up
40337.0,5,31,up
40367.0,7,43,up
40370.0,1,21,up
40370.0,27,42,up
40372.0,8,16,up
40403.0,16,30,up
40410.0,36,50,up
40416.0,8,30,up
40417.0,23,32,up
40427.0,5,31,up
40428.0,22,51,up
40430.0,4,10,up
40433.0,26,31,up
40460.0,27,42,up
40484.0,17,28,up
40514.0,12,17,up
40541.0,46,48,up
40545.0,4,10,up
40553.0,8,16,up
40553.0,8,30,up
40577.0,22,51,up
40598.0,1,23,up
40636.0,11,48,up
40642.0,12,17,up
40642.0,12,28,up
40666.0,11,46,up
40670.0,27,42,up
40673.0,12,28,up
40673.0,8,30,up
40694.0,12,17,up
40696.0,1,32,up
40733.0,8,16,up
40756.0,1,23,up
40762.0,12,17,up
40776.0,16,30,up
40776.0,8,30,up
40778.0,23,32,up
40781.0,11,48,up
40785.0,4,10,up
40814.0,17,28,up
40820.0,27,35,up
40820.0,27,42,up
40820.0,4,10,up
40846.0,1,23,up
40852.0,12,17,up
40940.0,19,34,up
40940.0,27,42,up
40941.0,17,28,up
40943.0,26,31,up
40943.0,8,16,up
40970.0,27,35,up
40973.0,8,16,up
40988.0,11,46,up
40993.0,2,15,up
40997.0,22,34,up
41000.0,4,10,up
41001.0,19,34,up
41002.0,12,28,up
41032.0,12,17,up
41048.0,23,32,up
41056.0,1,23,up
41056.0,1,32,up
41056.0,11,46,up
41056.0,11,48,up
41084.0,17,28,up
41114.0,12,17,up
41114.0,17,28,up
41120.0,12,28,up
41120.0,4,10,up
41121.0,19,22,up
41123.0,8,16,up
41138.0,23,32,up
41148.0,7,13,up
41177.0,19,22,up
41180.0,27,42,up
41182.0,12,17,up
41183.0,26,31,up
41183.0,8,16,up
41206.0,11,46,up
41210.0,28,38,up
41240.0,27,35,up
41240.0,27,42,up
41242.0,12,28,up
41242.0,8,16,up
41244.0,36,47,up
41244.0,6,36,up
41266.0,4,10,up
41272.0,12,28,up
41273.0,26,31,up
41295.0,56,57,up
41296.0,1,32,up
41296.0,4,10,up
41304.0,36,44,up
41327.0,22,34,up
41334.0,6,36,up
41348.0,1,23,up
41357.0,19,22,up
41361.0,19,34,up
41378.0,23,32,up
41388.0,19,22,up
41388.0,22,34,up
41390.0,27,35,up
41390.0,27,42,up
41394.0,26,31,up
41415.0,12,17,up
41416.0,4,10,up
41421.0,19,34,up
41422.0,8,16,up
41467.0,9,57,up
41476.0,1,32,up
41477.0,5,26,up
41513.0,27,35,up
41513.0,27,42,up
41536.0,1,23,up
41541.0,19,34,up
41543.0,26,31,up
41544.0,8,16,up
41566.0,1,23,up
41568.0,19,22,up
41574.0,36,44,up
41588.0,9,57,up
41597.0,5,26,up
41603.0,12,17,up
41603.0,8,30,up
41618.0,9,25,up
41626.0,4,10,up
41633.0,12,17,up
41633.0,8,16,up
41634.0,16,30,up
41646.0,9,57,up
41661.0,27,35,up
41661.0,27,42,up
41664.0,36,47,up
41664.0,6,36,up
41678.0,9,25,up
41687.0,1,32,up
41687.0,5,31,up
41691.0,19,34,up
41723.0,12,17,up
41746.0,4,10,up
41747.0,1,23,up
41749.0,19,22,up
41753.0,8,16,up
41755.0,6,36,up
41776.0,4,10,up
41778.0,19,22,up
41783.0,5,31,up
41797.0,16,30,up
41799.0,23,32,up
41807.0,1,23,up
41807.0,1,32,up
41814.0,36,47,up
41828.0,9,25,up
41828.0,9,57,up
41840.0,4,10,up
41841.0,28,38,up
41843.0,8,16,up
41858.0,23,32,up
41869.0,22,51,up
41887.0,8,30,up
41897.0,1,23,up
41918.0,9,57,up
41927.0,1,23,up
41927.0,1,32,up
41948.0,9,56,up
41956.0,11,48,up
41963.0,8,16,up
41978.0,9,57,up
41985.0,12,17,up
41991.0,19,22,up
41993.0,12,28,up
41994.0,8,16,up
42008.0,1,23,up
42008.0,23,32,up
42010.0,11,46,up
42014.0,56,57,up
42017.0,1,32,up
42017.0,4,10,up
42024.0,36,50,up
42053.0,12,28,up
42067.0,56,57,up
42068.0,9,57,up
42075.0,12,17,up
42081.0,17,28,up
42083.0,8,16,up
42098.0,23,32,up
42099.0,11,46,up
42107.0,1,23,up
42107.0,1,32,up
42107.0,11,48,up
42107.0,4,10,up
42113.0,12,28,up
42143.0,16,30,up
42143.0,26,31,up
42157.0,56,57,up
42187.0,9,56,up
42189.0,11,46,up
42197.0,4,10,up
42217.0,16,30,up
42217.0,56,57,up
42217.0,9,57,up
42218.0,1,23,up
42233.0,12,17,up
42233.0,26,31,up
42233.0,8,16,up
42256.0,11,46,up
42256.0,11,48,up
42257.0,1,32,up
42258.0,5,26,up
42263.0,8,16,up
42288.0,4,10,up
42288.0,5,31,up
42294.0,8,16,up
42323.0,12,38,up
42337.0,56,57,up
42338.0,23,32,up
42350.0,4,10,up
42351.0,12,28,up
42367.0,56,57,up
42376.0,11,48,up
42380.0,4,10,up
42397.0,25,57,up
42399.0,46,48,up
42406.0,17,28,up
42414.0,8,16,up
42441.0,21,23,up
42467.0,4,10,up
42487.0,9,57,up
42529.0,5,26,up
42530.0,27,35,up
42531.0,28,38,up
42533.0,26,31,up
42547.0,25,57,up
42560.0,4,10,up
42563.0,8,30,up
42564.0,6,36,up
42578.0,1,23,up
42584.0,20,43,up
42586.0,25,57,up
42595.0,36,44,up
42619.0,7,13,up
42646.0,25,57,up
42653.0,8,16,up
42654.0,8,30,up
42667.0,9,57,up
42668.0,23,32,up
42683.0,12,17,up
42697.0,25,57,up
42710.0,4,10,up
42727.0,16,30,up
42743.0,8,16,up
42787.0,25,57,up
42804.0,16,30,up
42827.0,4,10,up
42831.0,28,38,up
42833.0,12,28,up
42833.0,12,38,up
42835.0,26,31,up
42847.0,9,57,up
42848.0,23,32,up
42849.0,11,46,up
42856.0,11,48,up
42879.0,46,48,up
42886.0,17,28,up
42887.0,25,57,up
42888.0,4,10,up
42893.0,8,16,up
42917.0,11,46,up
42917.0,9,25,up
42918.0,4,10,up
42921.0,17,28,up
42944.0,20,43,up
42951.0,28,39,up
42976.0,17,28,up
42978.0,1,23,up
42999.0,23,32,up
43004.0,20,43,up
43007.0,25,57,up
43008.0,1,23,up
43008.0,7,13,up
43012.0,4,10,up
43013.0,8,16,up
43039.0,5,26,up
43057.0,9,57,up
43067.0,11,48,up
43068.0,1,23,up
43072.0,4,10,up
43089.0,11,46,up
43089.0,23,32,up
43103.0,8,16,up
43128.0,4,10,up
43134.0,12,28,up
43134.0,8,16,up
43148.0,1,23,up
43156.0,12,17,up
43157.0,4,10,up
43158.0,1,32,up
43193.0,8,16,up
43195.0,26,31,up
